Date,Petrol,Diesel
2003-06-09 00:00:00,74.590284,76.773394
2003-06-16 00:00:00,74.469143,76.689054
2003-06-23 00:00:00,74.423566,76.620546
2003-06-30 00:00:00,74.35242099999999,76.50525999999999
2003-07-07 00:00:00,74.283737,76.457376
2003-07-14 00:00:00,74.206577,76.40812
2003-07-21 00:00:00,75.06524,76.899144
2003-07-28 00:00:00,75.10085500000001,76.861864
2003-08-04 00:00:00,75.124384,76.812342
2003-08-11 00:00:00,75.44451600000001,77.080738
2003-08-18 00:00:00,75.80894799999999,77.43859
2003-08-26 00:00:00,76.053011,77.675094
2003-09-01 00:00:00,76.12585999999999,77.587704
2003-09-08 00:00:00,76.22619,77.67014
2003-09-15 00:00:00,76.19642499999999,77.626436
2003-09-22 00:00:00,76.148709,77.545842
2003-09-29 00:00:00,76.08399,77.526894
2003-10-06 00:00:00,76.432933,77.661236
2003-10-13 00:00:00,75.89752800000001,77.426488
2003-10-20 00:00:00,76.04805999999999,77.544714
2003-10-27 00:00:00,75.99546,77.510978
2003-11-03 00:00:00,75.99625900000001,77.519974
2003-11-10 00:00:00,75.94283,77.46986799999999
2003-11-17 00:00:00,75.926843,77.517624
2003-11-24 00:00:00,76.015098,77.670648
2003-12-01 00:00:00,75.995276,77.657072
2003-12-08 00:00:00,75.970566,77.62880399999999
2003-12-15 00:00:00,75.959063,77.619338
2003-12-22 00:00:00,75.92263600000001,77.613818
2003-12-29 00:00:00,75.939699,77.60088199999998
2004-01-05 00:00:00,75.87677500000001,77.535648
2004-01-12 00:00:00,75.89821599999999,77.542542
2004-01-19 00:00:00,76.36093100000001,78.05591799999999
2004-01-26 00:00:00,76.440479,78.07987
2004-02-02 00:00:00,76.484503,78.12557399999999
2004-02-09 00:00:00,76.50151899999999,77.98178199999998
2004-02-16 00:00:00,76.44050899999999,77.996952
2004-02-23 00:00:00,76.381048,77.92895999999999
2004-03-01 00:00:00,76.32419200000001,77.869356
2004-03-08 00:00:00,76.733069,78.254358
2004-03-15 00:00:00,77.388472,78.797116
2004-03-22 00:00:00,77.440048,78.924886
2004-03-29 00:00:00,77.59061600000001,79.013482
2004-04-05 00:00:00,77.85552200000001,79.23203299999999
2004-04-12 00:00:00,77.884124,79.270281
2004-04-19 00:00:00,78.043833,79.433369
2004-04-26 00:00:00,78.395093,79.75238499999999
2004-05-04 00:00:00,79.275409,80.64316
2004-05-10 00:00:00,80.295772,81.67530199999999
2004-05-17 00:00:00,81.493419,82.83085200000002
2004-05-24 00:00:00,82.125366,83.479307
2004-05-31 00:00:00,82.354683,83.61211599999999
2004-06-07 00:00:00,82.44105,83.651707
2004-06-14 00:00:00,81.54213,82.60495700000001
2004-06-21 00:00:00,81.042514,82.09426300000001
2004-06-28 00:00:00,80.40849499999999,81.04481700000001
2004-07-05 00:00:00,79.87370899999999,80.511468
2004-07-12 00:00:00,80.336299,81.05485200000001
2004-07-19 00:00:00,80.83654299999999,81.67724900000002
2004-07-26 00:00:00,80.86803,81.69785900000001
2004-08-02 00:00:00,80.855708,81.79326600000002
2004-08-09 00:00:00,81.183042,82.14433500000003
2004-08-16 00:00:00,81.25135,82.327274
2004-08-23 00:00:00,81.507866,82.81943700000001
2004-08-31 00:00:00,81.52802,82.887681
2004-09-06 00:00:00,81.369415,82.9208
2004-09-13 00:00:00,81.311183,82.906787
2004-09-20 00:00:00,81.278715,83.03169500000001
2004-09-27 00:00:00,81.625393,83.461528
2004-10-04 00:00:00,82.049086,83.84076300000001
2004-10-11 00:00:00,83.11070900000001,85.01293
2004-10-18 00:00:00,83.349955,85.33741599999999
2004-10-25 00:00:00,83.935908,86.03438799999999
2004-11-01 00:00:00,84.26962,86.42152700000001
2004-11-08 00:00:00,84.3435,86.54443100000002
2004-11-15 00:00:00,84.264193,86.420849
2004-11-22 00:00:00,81.46464499999999,85.166606
2004-11-29 00:00:00,84.165259,86.361028
2004-12-06 00:00:00,84.06227900000002,86.397681
2004-12-13 00:00:00,82.732802,85.97861900000001
2004-12-20 00:00:00,81.46464499999999,85.166606
2004-12-27 00:00:00,81.20071000000002,85.14009200000001
2005-01-03 00:00:00,81.16535400000001,85.12332
2005-01-10 00:00:00,79.83599600000001,84.865124
2005-01-17 00:00:00,78.93423999999999,83.93943100000001
2005-01-24 00:00:00,78.92977300000001,83.86507700000001
2005-01-31 00:00:00,79.540199,84.22514800000002
2005-02-07 00:00:00,79.84330800000001,84.274849
2005-02-14 00:00:00,80.03343299999999,84.31668000000002
2005-02-21 00:00:00,80.150513,84.35861399999999
2005-02-28 00:00:00,80.445568,84.65119999999999
2005-03-07 00:00:00,81.164686,85.63646600000001
2005-03-14 00:00:00,81.635307,86.10979900000001
2005-03-21 00:00:00,82.696926,87.05538100000001
2005-03-28 00:00:00,83.40491899999999,87.684282
2005-04-04 00:00:00,83.91450300000001,88.3029
2005-04-11 00:00:00,85.60885,89.816453
2005-04-18 00:00:00,85.62829799999999,89.79940900000001
2005-04-25 00:00:00,85.50545199999999,89.62219
2005-05-02 00:00:00,85.43958600000002,89.3
2005-05-09 00:00:00,85.35956,89.45667099999999
2005-05-16 00:00:00,85.26762,89.400207
2005-05-23 00:00:00,84.768938,89.00416799999999
2005-05-30 00:00:00,84.177807,88.38688
2005-06-06 00:00:00,84.012956,88.233068
2005-06-13 00:00:00,84.989146,88.96472500000002
2005-06-20 00:00:00,85.524471,89.54102000000002
2005-06-27 00:00:00,86.73051899999999,90.273144
2005-07-04 00:00:00,87.485988,90.999685
2005-07-11 00:00:00,87.732743,91.888537
2005-07-18 00:00:00,88.54994199999999,92.670518
2005-07-25 00:00:00,88.99942499999999,93.03298699999999
2005-08-01 00:00:00,89.24544999999999,93.26269300000001
2005-08-08 00:00:00,89.66723900000001,93.62754900000002
2005-08-15 00:00:00,90.55781400000001,94.497185
2005-08-22 00:00:00,90.773096,94.67664199999999
2005-08-29 00:00:00,91.415613,95.32691700000001
2005-09-05 00:00:00,94.37419700000001,97.18745000000001
2005-09-12 00:00:00,95.073555,97.88686600000001
2005-09-19 00:00:00,94.414203,97.318895
2005-09-26 00:00:00,93.33200399999998,96.269036
2005-10-03 00:00:00,93.512814,96.613071
2005-10-10 00:00:00,94.24791499999999,97.04892
2005-10-17 00:00:00,94.14224000000002,96.99995600000001
2005-10-24 00:00:00,93.471982,96.79656600000001
2005-10-31 00:00:00,92.788461,96.573725
2005-11-07 00:00:00,92.46507599999998,96.592336
2005-11-14 00:00:00,90.532036,94.918821
2005-11-21 00:00:00,88.608238,93.224741
2005-11-28 00:00:00,87.347023,91.804358
2005-12-05 00:00:00,87.347023,91.804358
2005-12-12 00:00:00,87.20247499999999,91.475918
2005-12-19 00:00:00,87.55727000000002,91.82889399999999
2005-12-26 00:00:00,87.88498600000001,92.12098999999999
2006-01-02 00:00:00,88.03339599999998,92.268669
2006-01-09 00:00:00,88.560045,92.94007099999999
2006-01-16 00:00:00,89.00718,93.186062
2006-01-23 00:00:00,89.54901199999999,93.622726
2006-01-30 00:00:00,89.880272,93.93428499999999
2006-02-06 00:00:00,89.734483,93.85216500000001
2006-02-13 00:00:00,89.64945,93.77411599999999
2006-02-20 00:00:00,89.59634899999999,93.75334400000001
2006-02-27 00:00:00,89.507039,93.68502000000001
2006-03-06 00:00:00,89.36913799999999,93.62707900000001
2006-03-13 00:00:00,89.55454799999998,93.85266100000001
2006-03-20 00:00:00,90.19185,94.42153300000001
2006-03-27 00:00:00,91.16142857142857,94.95047000000002
2006-04-03 00:00:00,91.78407,95.64028799999998
2006-04-10 00:00:00,92.770263,96.400079
2006-04-18 00:00:00,94.229962,97.642412
2006-04-24 00:00:00,95.35167200000001,98.500205
2006-05-01 00:00:00,96.13144799999999,98.900272
2006-05-08 00:00:00,96.460941,98.902568
2006-05-15 00:00:00,96.39147700000001,98.744455
2006-05-22 00:00:00,96.099115,98.497186
2006-05-29 00:00:00,95.36454099999999,97.69296800000001
2006-06-05 00:00:00,95.23702399999999,97.554977
2006-06-12 00:00:00,95.494851,97.752037
2006-06-19 00:00:00,95.44247700000001,97.76583
2006-06-26 00:00:00,94.97182799999999,97.363848
2006-07-03 00:00:00,95.267584,97.60010700000001
2006-07-10 00:00:00,95.694568,97.994595
2006-07-17 00:00:00,96.88188400000001,98.74315899999999
2006-07-24 00:00:00,97.784589,99.40550400000001
2006-07-31 00:00:00,97.82979999999999,99.414105
2006-08-07 00:00:00,98.05166499999999,99.57275
2006-08-14 00:00:00,97.8169,99.446228
2006-08-21 00:00:00,95.743277,97.927852
2006-08-28 00:00:00,94.401263,96.67129499999999
2006-09-04 00:00:00,92.88098000000001,95.92381800000001
2006-09-11 00:00:00,91.48115,95.338222
2006-09-18 00:00:00,89.776636,94.948911
2006-09-25 00:00:00,88.201454,93.513476
2006-10-02 00:00:00,86.94671700000002,92.13032700000001
2006-10-09 00:00:00,86.59741300000002,91.74212
2006-10-16 00:00:00,85.90957900000001,91.591815
2006-10-23 00:00:00,85.735876,91.21580200000001
2006-10-30 00:00:00,85.601777,91.165465
2006-11-06 00:00:00,85.538727,91.12190199999999
2006-11-13 00:00:00,85.487884,91.147111
2006-11-20 00:00:00,85.454279,91.16999400000002
2006-11-27 00:00:00,85.469446,91.16999000000001
2006-12-04 00:00:00,85.4642857142857,91.502345
2006-12-11 00:00:00,87.443625,92.959131
2006-12-18 00:00:00,87.695621,93.25680700000001
2006-12-25 00:00:00,87.904437,93.414743
2007-01-01 00:00:00,87.85318199999999,93.402175
2007-01-08 00:00:00,87.660541,93.11099699999998
2007-01-15 00:00:00,87.095046,91.553679
2007-01-22 00:00:00,86.278868,90.453728
2007-01-29 00:00:00,85.65711499999999,89.69774000000001
2007-02-05 00:00:00,85.61802899999999,89.62709600000001
2007-02-12 00:00:00,86.12264699999999,90.109189
2007-02-19 00:00:00,86.599116,90.54937800000002
2007-02-26 00:00:00,87.066451,91.02319100000003
2007-03-05 00:00:00,87.74497199999999,91.592097
2007-03-12 00:00:00,88.479732,92.16705200000001
2007-03-19 00:00:00,88.93446300000001,92.60557999999999
2007-03-26 00:00:00,89.319931,92.911862
2007-04-02 00:00:00,90.471061,93.90360499999998
2007-04-10 00:00:00,91.17644,94.33473599999999
2007-04-16 00:00:00,91.99401200000001,94.855547
2007-04-23 00:00:00,92.93335,95.389551
2007-04-30 00:00:00,93.45350799999999,95.714406
2007-05-07 00:00:00,94.42637399999998,96.118266
2007-05-14 00:00:00,95.071354,96.46744699999999
2007-05-21 00:00:00,95.705787,96.68869199999999
2007-05-28 00:00:00,96.16221599999999,96.99018500000001
2007-06-04 00:00:00,96.512987,97.19147799999999
2007-06-11 00:00:00,96.613451,97.19968300000001
2007-06-18 00:00:00,96.559407,97.112813
2007-06-25 00:00:00,96.542167,97.123016
2007-07-02 00:00:00,96.35825,96.88715599999999
2007-07-09 00:00:00,96.19622999999999,96.778121
2007-07-16 00:00:00,96.20974600000001,96.785415
2007-07-23 00:00:00,96.232654,96.829441
2007-07-30 00:00:00,96.19660499999999,96.765517
2007-08-06 00:00:00,96.147016,96.719838
2007-08-13 00:00:00,95.99973499999999,96.699594
2007-08-20 00:00:00,95.30602900000001,96.59407000000002
2007-08-27 00:00:00,95.00275399999998,96.367761
2007-09-03 00:00:00,94.80359,96.373106
2007-09-10 00:00:00,94.63448299999999,96.336757
2007-09-17 00:00:00,94.653323,96.44531400000001
2007-09-24 00:00:00,94.912046,96.89606500000001
2007-10-01 00:00:00,96.393333,98.51378700000001
2007-10-08 00:00:00,97.138127,99.09985499999999
2007-10-15 00:00:00,97.19210100000001,99.181411
2007-10-22 00:00:00,97.80583899999999,99.89488599999999
2007-10-29 00:00:00,98.26327599999999,100.694424
2007-11-05 00:00:00,99.36492399999999,102.16035400000001
2007-11-12 00:00:00,100.74229299999999,104.172417
2007-11-19 00:00:00,101.46819400000001,105.28447800000001
2007-11-26 00:00:00,102.129736,106.254374
2007-12-03 00:00:00,102.58212699999999,107.19211200000002
2007-12-10 00:00:00,102.6668,107.473207
2007-12-17 00:00:00,102.599261,107.556386
2007-12-24 00:00:00,102.526972,107.50416000000001
2007-12-31 00:00:00,102.662329,107.605689
2008-01-07 00:00:00,103.370474,108.294534
2008-01-14 00:00:00,103.82266499999999,108.769324
2008-01-21 00:00:00,104.22351599999999,109.089543
2008-01-28 00:00:00,104.22473800000002,109.10698400000001
2008-02-04 00:00:00,104.02678699999998,108.98769500000002
2008-02-11 00:00:00,103.67020199999999,108.86261200000001
2008-02-18 00:00:00,103.695297,108.98832900000001
2008-02-25 00:00:00,104.648274,110.209473
2008-03-03 00:00:00,105.23825299999999,110.903592
2008-03-10 00:00:00,105.95728799999999,112.22829300000001
2008-03-17 00:00:00,106.41453199999998,113.08173300000001
2008-03-24 00:00:00,106.904702,114.401065
2008-03-31 00:00:00,107.10092999999999,114.786378
2008-04-07 00:00:00,107.23669500000003,115.46992700000001
2008-04-14 00:00:00,107.61287,116.50716700000001
2008-04-21 00:00:00,108.571038,118.056865
2008-04-28 00:00:00,109.49959299999999,119.09900300000001
2008-05-05 00:00:00,110.297523,120.36836300000002
2008-05-12 00:00:00,111.042185,121.48515300000001
2008-05-19 00:00:00,112.959507,124.50248300000001
2008-05-26 00:00:00,114.78663800000001,127.214268
2008-06-02 00:00:00,116.026901,128.823004
2008-06-09 00:00:00,116.857143,129.68112399999998
2008-06-16 00:00:00,117.69308400000001,130.662086
2008-06-23 00:00:00,118.439536,131.45034700000002
2008-06-30 00:00:00,118.84484700000002,132.030926
2008-07-07 00:00:00,119.27641,132.552662
2008-07-14 00:00:00,119.438039,132.872053
2008-07-21 00:00:00,119.401111,132.887911
2008-07-28 00:00:00,116.91113999999999,130.71054199999998
2008-08-04 00:00:00,115.060215,128.193622
2008-08-11 00:00:00,113.922513,126.19607800000001
2008-08-18 00:00:00,112.215044,124.09707000000002
2008-08-25 00:00:00,112.02256100000001,123.73582300000001
2008-09-01 00:00:00,112.19775800000001,123.88610200000002
2008-09-08 00:00:00,112.546851,124.196186
2008-09-15 00:00:00,112.51230999999999,124.143165
2008-09-22 00:00:00,110.8102,122.609331
2008-09-29 00:00:00,109.84891,121.64725299999999
2008-10-06 00:00:00,109.452068,121.13648599999999
2008-10-13 00:00:00,107.03952900000002,118.42286
2008-10-20 00:00:00,102.658131,114.310172
2008-10-27 00:00:00,98.622068,111.010963
2008-11-03 00:00:00,97.39964099999999,109.86699700000001
2008-11-10 00:00:00,95.89053,109.12974300000002
2008-11-17 00:00:00,94.83246100000001,108.72693900000002
2008-11-24 00:00:00,92.787666,107.778352
2008-12-01 00:00:00,91.470286,106.56166999999999
2008-12-08 00:00:00,90.156317,104.86512299999998
2008-12-15 00:00:00,89.065689,101.240612
2008-12-22 00:00:00,88.01431000000001,99.93715300000001
2008-12-29 00:00:00,87.344305,99.17337999999998
2009-01-05 00:00:00,85.422569,97.57059500000001
2009-01-12 00:00:00,86.018714,98.31642099999999
2009-01-19 00:00:00,86.19449600000002,98.448597
2009-01-26 00:00:00,87.417686,99.38525
2009-02-02 00:00:00,88.16080099999999,99.821378
2009-02-09 00:00:00,89.27679499999999,100.313083
2009-02-16 00:00:00,90.120513,100.858645
2009-02-23 00:00:00,90.33188900000002,100.81457
2009-03-02 00:00:00,90.28252599999999,100.64411299999999
2009-03-09 00:00:00,90.15357200000001,100.02847
2009-03-16 00:00:00,90.15870399999999,99.821476
2009-03-23 00:00:00,90.16473900000001,99.52095100000001
2009-03-30 00:00:00,91.345055,99.975093
2009-04-06 00:00:00,93.717653,102.143905
2009-04-13 00:00:00,94.10802699999999,102.436117
2009-04-20 00:00:00,94.623218,102.706221
2009-04-27 00:00:00,95.13396200000001,102.829212
2009-05-04 00:00:00,95.595408,102.79798900000002
2009-05-11 00:00:00,96.586976,103.09914
2009-05-18 00:00:00,97.544748,103.366465
2009-05-25 00:00:00,98.89926700000001,103.545961
2009-06-01 00:00:00,99.38500199999999,103.552087
2009-06-08 00:00:00,100.58954800000001,103.77838700000001
2009-06-15 00:00:00,101.979363,104.50103899999999
2009-06-22 00:00:00,102.80786200000001,104.916931
2009-06-29 00:00:00,103.302665,105.052808
2009-07-06 00:00:00,103.566712,105.10804300000001
2009-07-13 00:00:00,102.784542,104.043972
2009-07-20 00:00:00,102.219436,102.99478300000001
2009-07-27 00:00:00,102.17393200000001,102.90580000000001
2009-08-03 00:00:00,102.35533099999999,103.202722
2009-08-10 00:00:00,103.011629,103.79442800000001
2009-08-17 00:00:00,103.955395,104.449727
2009-08-24 00:00:00,104.69857999999999,105.109871
2009-08-31 00:00:00,105.10995600000001,105.50102799999999
2009-09-07 00:00:00,106.850234,107.30015999999999
2009-09-14 00:00:00,106.431934,107.08787800000002
2009-09-21 00:00:00,105.95612400000002,106.79198000000001
2009-09-28 00:00:00,105.43691600000001,106.391081
2009-10-05 00:00:00,104.867458,105.847508
2009-10-12 00:00:00,104.71270100000001,105.68811
2009-10-19 00:00:00,105.084382,106.27989399999998
2009-10-26 00:00:00,106.75587300000001,107.778406
2009-11-02 00:00:00,107.431458,108.510193
2009-11-09 00:00:00,108.10007800000001,109.351895
2009-11-16 00:00:00,108.483895,109.645356
2009-11-23 00:00:00,108.73341,109.871875
2009-11-30 00:00:00,108.792161,109.98578800000001
2009-12-07 00:00:00,108.637429,109.871982
2009-12-14 00:00:00,108.49736899999999,109.568286
2009-12-21 00:00:00,107.466071,109.126373
2009-12-28 00:00:00,107.44304199999999,109.171881
2010-01-04 00:00:00,109.34044399999999,111.075737
2010-01-11 00:00:00,110.72232100000001,112.593144
2010-01-18 00:00:00,111.601865,113.38911099999999
2010-01-25 00:00:00,111.86565400000002,113.711136
2010-02-01 00:00:00,111.905622,113.74896400000002
2010-02-08 00:00:00,111.95014099999999,113.790274
2010-02-15 00:00:00,111.892903,113.678924
2010-02-22 00:00:00,111.564856,112.75824700000001
2010-03-01 00:00:00,112.41734299999999,113.407348
2010-03-08 00:00:00,113.71174400000002,114.683616
2010-03-15 00:00:00,115.458187,116.209882
2010-03-22 00:00:00,116.590958,117.282988
2010-03-29 00:00:00,117.28185100000002,118.206566
2010-04-05 00:00:00,119.286053,120.089487
2010-04-12 00:00:00,119.94229500000002,121.11309399999999
2010-04-19 00:00:00,120.554956,121.743392
2010-04-26 00:00:00,120.987002,122.30851200000001
2010-05-03 00:00:00,121.18373300000002,122.681623
2010-05-10 00:00:00,121.310311,122.81698899999998
2010-05-17 00:00:00,121.303947,122.83394299999999
2010-05-24 00:00:00,119.92543199999999,121.92259700000001
2010-05-31 00:00:00,118.542993,120.75644499999999
2010-06-07 00:00:00,118.204835,120.39722499999999
2010-06-14 00:00:00,117.86583200000001,120.207196
2010-06-21 00:00:00,117.80199100000002,120.388271
2010-06-28 00:00:00,117.877241,120.37993700000001
2010-07-05 00:00:00,117.90912900000001,120.43722799999999
2010-07-12 00:00:00,117.39348100000001,119.782324
2010-07-19 00:00:00,116.84867799999999,119.239922
2010-07-26 00:00:00,116.61429799999999,119.025333
2010-08-02 00:00:00,116.509026,119.028459
2010-08-09 00:00:00,116.345645,118.944106
2010-08-16 00:00:00,116.337238,118.786676
2010-08-23 00:00:00,115.64259799999999,117.90044499999999
2010-08-30 00:00:00,114.98343899999999,117.370968
2010-09-06 00:00:00,114.59094599999999,117.088216
2010-09-13 00:00:00,114.656544,117.17352400000001
2010-09-20 00:00:00,115.06469100000001,117.719341
2010-09-27 00:00:00,115.394465,118.105561
2010-10-04 00:00:00,116.01308499999999,118.970308
2010-10-11 00:00:00,116.78295899999999,119.773901
2010-10-18 00:00:00,117.283602,120.603211
2010-10-25 00:00:00,117.73926400000002,121.174022
2010-11-01 00:00:00,118.17751500000001,121.664442
2010-11-08 00:00:00,118.671395,122.19178500000001
2010-11-15 00:00:00,118.797061,122.505723
2010-11-22 00:00:00,118.988566,122.74464400000001
2010-11-29 00:00:00,119.207667,123.200039
2010-12-06 00:00:00,120.541506,124.61784
2010-12-13 00:00:00,121.681916,125.774781
2010-12-20 00:00:00,122.309134,126.52223799999999
2010-12-27 00:00:00,123.441238,127.68028
2011-01-03 00:00:00,124.85238899999999,129.111593
2011-01-10 00:00:00,127.398126,131.596422
2011-01-17 00:00:00,127.87220300000001,132.3254175
2011-01-24 00:00:00,128.352261,132.997274
2011-01-31 00:00:00,128.547955,133.2537785
2011-02-07 00:00:00,128.63559800000002,133.4733455
2011-02-14 00:00:00,128.725403,133.71364250000002
2011-02-21 00:00:00,128.919145,134.04030500000002
2011-02-28 00:00:00,129.724965,135.05562849999998
2011-03-07 00:00:00,131.28181700000002,136.898185
2011-03-14 00:00:00,132.17616599999997,138.2486415
2011-03-21 00:00:00,133.109459,139.533481
2011-03-28 00:00:00,132.43715099999997,139.037526
2011-04-04 00:00:00,132.80587599999998,139.45921099999998
2011-04-11 00:00:00,133.682824,140.330653
2011-04-18 00:00:00,135.060986,141.33983350000003
2011-04-25 00:00:00,135.62120900000002,142.11112699999998
2011-05-02 00:00:00,136.294199,142.526949
2011-05-09 00:00:00,137.052664,143.0594055
2011-05-16 00:00:00,136.398636,141.498892
2011-05-23 00:00:00,136.112764,140.767373
2011-05-30 00:00:00,135.56812200000002,139.814036
2011-06-06 00:00:00,135.615024,139.582644
2011-06-13 00:00:00,135.855876,139.7712425
2011-06-20 00:00:00,136.026138,140.0541035
2011-06-27 00:00:00,134.863166,138.76678850000002
2011-07-04 00:00:00,133.428176,137.7020295
2011-07-11 00:00:00,134.17549000000002,138.39607999999998
2011-07-18 00:00:00,134.973448,139.36052650000002
2011-07-25 00:00:00,135.66107599999998,139.954891
2011-08-01 00:00:00,136.066812,140.5548395
2011-08-08 00:00:00,136.46350199999998,140.8391405
2011-08-15 00:00:00,135.947734,140.356924
2011-08-22 00:00:00,134.559216,139.044761
2011-08-29 00:00:00,134.317576,138.715473
2011-09-05 00:00:00,134.619426,138.956178
2011-09-12 00:00:00,135.003197,139.3984595
2011-09-19 00:00:00,135.401808,139.86154
2011-09-26 00:00:00,135.654064,140.1402825
2011-10-03 00:00:00,135.021508,139.76582050000002
2011-10-10 00:00:00,134.47208999999998,139.5203975
2011-10-17 00:00:00,134.488644,139.725461
2011-10-24 00:00:00,134.659196,140.19426700000002
2011-10-31 00:00:00,134.73461600000002,140.27105
2011-11-07 00:00:00,134.40536799999998,140.4167345
2011-11-14 00:00:00,133.67629999999997,140.5322435
2011-11-21 00:00:00,133.37502,141.0637135
2011-11-28 00:00:00,133.167687,141.0959425
2011-12-05 00:00:00,132.777108,140.99401
2011-12-12 00:00:00,132.52799199999998,140.9523045
2011-12-19 00:00:00,132.487206,140.92594400000002
2011-12-26 00:00:00,132.40984500000002,140.77337500000002
2012-01-02 00:00:00,132.402509,140.83631
2012-01-09 00:00:00,132.68148,141.004635
2012-01-16 00:00:00,133.294126,141.6858805
2012-01-23 00:00:00,133.721121,142.06083399999997
2012-01-30 00:00:00,134.101384,142.44726200000002
2012-02-06 00:00:00,134.253016,142.23780000000002
2012-02-13 00:00:00,134.89741099999998,142.8253785
2012-02-20 00:00:00,135.211436268,143.152108155
2012-02-27 00:00:00,136.21235,143.92049050000003
2012-03-05 00:00:00,137.303262,144.7115055
2012-03-12 00:00:00,137.90142400000002,145.146128
2012-03-19 00:00:00,138.957366,146.16103549999997
2012-03-26 00:00:00,139.480164,146.5582655
2012-04-02 00:00:00,140.99301899999998,147.679775
2012-04-09 00:00:00,141.971544,148.0034515
2012-04-16 00:00:00,142.172754,148.0377095
2012-04-23 00:00:00,141.75902,147.96124350000002
2012-04-30 00:00:00,141.004212,147.0520665
2012-05-07 00:00:00,140.136502,146.39621200000002
2012-05-14 00:00:00,138.28657399999997,144.51881
2012-05-21 00:00:00,135.77142,141.746612
2012-05-28 00:00:00,134.37459400000003,140.493994
2012-06-04 00:00:00,134.058286,139.958044
2012-06-11 00:00:00,133.667614,139.582426
2012-06-18 00:00:00,131.99095,137.710644
2012-06-25 00:00:00,131.54592000000002,137.20447600000003
2012-07-02 00:00:00,130.497362,135.90737000000001
2012-07-09 00:00:00,131.056716,136.436738
2012-07-16 00:00:00,131.490128,136.847234
2012-07-23 00:00:00,132.214206,137.720458
2012-07-30 00:00:00,132.777369,138.251048
2012-08-06 00:00:00,133.38968599999998,138.7893
2012-08-13 00:00:00,134.268494,139.460562
2012-08-20 00:00:00,135.72391199999998,140.78570600000003
2012-08-27 00:00:00,137.09820200000001,142.168836
2012-09-03 00:00:00,138.02894799999999,142.87187200000002
2012-09-10 00:00:00,138.90583600000002,143.655124
2012-09-17 00:00:00,139.42084,144.17528600000003
2012-09-24 00:00:00,139.535702,144.356654
2012-10-01 00:00:00,138.432863,143.283734
2012-10-08 00:00:00,138.236786,143.04659800000002
2012-10-15 00:00:00,138.34782,143.234956
2012-10-22 00:00:00,138.292391,143.226978
2012-10-29 00:00:00,136.983599,142.998066
2012-11-05 00:00:00,136.43301499999998,142.753433
2012-11-12 00:00:00,135.086015,141.74304
2012-11-19 00:00:00,134.561207,141.327756
2012-11-26 00:00:00,134.375909,141.127708
2012-12-03 00:00:00,133.049633,140.905264
2012-12-10 00:00:00,132.548633,140.76424
2012-12-17 00:00:00,131.976647,140.07936999999998
2012-12-24 00:00:00,131.951963,139.838594
2012-12-31 00:00:00,131.919558,139.81163
2013-01-07 00:00:00,131.86071500000003,139.75267300000002
2013-01-14 00:00:00,132.000415,139.67838
2013-01-21 00:00:00,132.21391,139.952684
2013-01-28 00:00:00,132.9495,140.766412
2013-02-04 00:00:00,134.380516,141.910072
2013-02-11 00:00:00,135.560969,143.02667200000002
2013-02-18 00:00:00,136.858936,144.170064
2013-02-25 00:00:00,138.49662400000003,145.54502000000002
2013-03-04 00:00:00,139.473306,146.34438
2013-03-11 00:00:00,139.997313,146.71072
2013-03-18 00:00:00,137.582644,144.841696
2013-03-25 00:00:00,137.085944,144.334302
2013-04-01 00:00:00,137.297174,143.506238
2013-04-08 00:00:00,137.30526600000002,143.13313399999998
2013-04-15 00:00:00,137.10880200000003,141.665096
2013-04-22 00:00:00,135.680712,140.63922599999998
2013-04-29 00:00:00,134.66240100000002,139.59394400000002
2013-05-06 00:00:00,133.41651199999998,138.540578
2013-05-13 00:00:00,133.11906,138.26707199999998
2013-05-20 00:00:00,133.17174200000002,138.424342
2013-05-27 00:00:00,133.637928,138.81604299999998
2013-06-03 00:00:00,134.044438,139.17138699999998
2013-06-10 00:00:00,134.29900899999998,139.433402
2013-06-17 00:00:00,134.457688,139.536798
2013-06-24 00:00:00,134.520058,139.636392
2013-07-01 00:00:00,133.44030800000002,138.514228
2013-07-08 00:00:00,133.769304,138.730852
2013-07-15 00:00:00,134.94647799999998,139.83587
2013-07-22 00:00:00,136.036168,140.72110600000002
2013-07-29 00:00:00,136.86846699999998,141.4359
2013-08-05 00:00:00,137.015534,141.67454
2013-08-12 00:00:00,137.13020200000003,141.822056
2013-08-19 00:00:00,136.998616,141.73261600000004
2013-08-28 00:00:00,136.82743200000002,141.777568
2013-09-02 00:00:00,137.13656,142.09303799999998
2013-09-09 00:00:00,137.60209899999998,142.670812
2013-09-16 00:00:00,137.472929,142.520394
2013-09-23 00:00:00,136.953804,142.088496
2013-09-30 00:00:00,133.401682,140.19415999999998
2013-10-07 00:00:00,131.620834,138.833854
2013-10-14 00:00:00,131.674207,139.15173300000004
2013-10-21 00:00:00,131.533006,138.994364
2013-10-28 00:00:00,131.41811599999997,138.877855
2013-11-04 00:00:00,129.921945,137.51446800000002
2013-11-11 00:00:00,129.705026,137.32368400000001
2013-11-18 00:00:00,129.88799799999998,137.47142200000002
2013-11-25 00:00:00,130.033404,137.721143
2013-12-02 00:00:00,130.253998,137.89806
2013-12-09 00:00:00,130.76437099999998,138.55344100000002
2013-12-16 00:00:00,130.96074199999998,138.841638
2013-12-23 00:00:00,130.051881,138.16987
2013-12-30 00:00:00,130.033945,137.97954800000002
2014-01-06 00:00:00,130.256192,138.114304
2014-01-13 00:00:00,130.356349,138.339549
2014-01-20 00:00:00,129.36717099999998,137.231466
2014-01-27 00:00:00,129.02084399999998,136.93848
2014-02-03 00:00:00,128.854164,136.843692
2014-02-10 00:00:00,128.813028,136.84498
2014-02-17 00:00:00,129.156083,136.80595300000002
2014-02-24 00:00:00,129.201905,136.949798
2014-03-03 00:00:00,129.358196,137.150489
2014-03-10 00:00:00,129.385392,137.078087
2014-03-17 00:00:00,128.757185,136.267264
2014-03-24 00:00:00,128.571182,135.99780400000003
2014-03-31 00:00:00,128.76130999999998,135.886517
2014-04-07 00:00:00,128.712843,136.008986
2014-04-14 00:00:00,128.890868,136.05353000000002
2014-04-21 00:00:00,129.1124,136.115271
2014-04-28 00:00:00,129.09442099999998,135.930394
2014-05-05 00:00:00,129.26613199999997,136.160885
2014-05-12 00:00:00,129.497709,136.36838600000002
2014-05-19 00:00:00,129.41837900000002,136.16587900000002
2014-05-26 00:00:00,129.510836,136.357683
2014-06-02 00:00:00,129.63180999999997,136.37573
2014-06-09 00:00:00,129.69266399999998,136.040524
2014-06-16 00:00:00,129.880144,135.54180200000002
2014-06-23 00:00:00,130.142156,135.500857
2014-06-30 00:00:00,130.68705,136.037584
2014-07-07 00:00:00,131.099919,136.218095
2014-07-14 00:00:00,131.111497,136.170902
2014-07-21 00:00:00,131.04472099999998,135.687292
2014-07-28 00:00:00,130.829579,135.504648
2014-08-04 00:00:00,129.626101,134.30514200000002
2014-08-11 00:00:00,129.414383,133.851055
2014-08-18 00:00:00,129.291968,133.742933
2014-08-25 00:00:00,128.342308078489,133.1618836912464
2014-09-01 00:00:00,128.00941659328362,132.7681425168446
2014-09-08 00:00:00,128.34305732556072,133.0901707423211
2014-09-15 00:00:00,128.43335735216516,133.13145405940608
2014-09-22 00:00:00,128.61695035375567,133.3189091529623
2014-09-29 00:00:00,128.59320006130426,133.23312085690392
2014-10-06 00:00:00,126.7849177675948,131.43183198251728
2014-10-13 00:00:00,126.49926711709757,131.0819765451586
2014-10-20 00:00:00,125.40349229072044,129.99717782692747
2014-10-27 00:00:00,125.11373542785068,129.71674404436067
2014-11-03 00:00:00,123.93878706354707,128.55709969866805
2014-11-10 00:00:00,122.94293023483374,127.59488314642692
2014-11-17 00:00:00,122.50137777603679,127.30886460251439
2014-11-24 00:00:00,122.29458215198052,127.16689626675107
2014-12-01 00:00:00,121.17819332596842,126.11136628651238
2014-12-08 00:00:00,119.83314859532217,124.78581491139718
2014-12-15 00:00:00,116.3013020207925,122.43040990582345
2014-12-22 00:00:00,113.66277198261409,120.81395354935341
2014-12-29 00:00:00,113.16029904817108,120.36327337434955
2015-01-05 00:00:00,111.06263896516052,117.93335943095734
2015-01-12 00:00:00,108.86588767255694,116.22067961428183
2015-01-19 00:00:00,106.82572363792367,114.32765419282902
2015-01-26 00:00:00,106.31989007720998,113.76040358721184
2015-02-02 00:00:00,106.04228537981643,113.6131025055633
2015-02-09 00:00:00,106.35479458348546,113.90980522702691
2015-02-16 00:00:00,107.26008264293782,114.72561351904383
2015-02-23 00:00:00,108.34400623996967,115.73850957400292
2015-03-02 00:00:00,109.19915790626507,116.6354767356095
2015-03-09 00:00:00,110.07092717790935,117.51039038501291
2015-03-16 00:00:00,111.03681412344369,118.26367215065976
2015-03-23 00:00:00,111.6473828102704,118.71027965878702
2015-03-30 00:00:00,112.06053744198424,118.97182870497286
2015-04-06 00:00:00,112.37431970848152,119.08711266078592
2015-04-13 00:00:00,112.52205799606996,119.14610841678709
2015-04-20 00:00:00,112.87172797910024,119.13872069858513
2015-04-27 00:00:00,113.55083442185972,119.57730631659689
2015-05-04 00:00:00,114.27048613743514,119.99644286750025
2015-05-11 00:00:00,115.09808401144393,120.59334734839467
2015-05-18 00:00:00,115.73924360687818,121.03637913317567
2015-05-25 00:00:00,116.02439211158249,121.31895591605726
2015-06-01 00:00:00,116.13139585692821,121.30045011742648
2015-06-08 00:00:00,116.25539498811986,121.33792309333279
2015-06-15 00:00:00,116.38640209039085,121.30046621305074
2015-06-22 00:00:00,116.59589142616274,121.20601117770603
2015-06-29 00:00:00,116.55014221623694,120.99038837570538
2015-07-06 00:00:00,116.33630392500584,120.76364281723835
2015-07-13 00:00:00,116.40604037906674,118.8318056400137
2015-07-20 00:00:00,116.78612008860753,118.4345219885877
2015-07-27 00:00:00,116.44193636427696,116.95480374041566
2015-08-03 00:00:00,116.11628672779446,115.17019781421585
2015-08-10 00:00:00,115.48135137748945,114.20046738781558
2015-08-17 00:00:00,114.58300298346417,112.04847115024806
2015-08-24 00:00:00,113.23383571729741,111.05011020893085
2015-08-31 00:00:00,111.20952886901058,109.91893825590486
2015-09-07 00:00:00,110.89572505518143,109.78204988293061
2015-09-14 00:00:00,110.60477062662142,109.94565812960917
2015-09-21 00:00:00,110.60805922018037,110.52323544834023
2015-09-28 00:00:00,109.47372391903127,110.44547352581351
2015-10-05 00:00:00,108.94197130353734,110.56755002871846
2015-10-12 00:00:00,108.9681925453667,110.77926596111021
2015-10-19 00:00:00,109.005456782,111.174198272
2015-10-26 00:00:00,108.041284,110.60944100000002
2015-11-02 00:00:00,107.20565400000001,110.138251
2015-11-09 00:00:00,107.14104900000001,110.081484
2015-11-16 00:00:00,107.363804,110.318226
2015-11-23 00:00:00,107.29282900000001,110.26946600000001
2015-11-30 00:00:00,106.966603,110.00639999999999
2015-12-07 00:00:00,106.7497,109.92420999999999
2015-12-14 00:00:00,103.995945,108.07378799999998
2015-12-21 00:00:00,102.33320700000002,107.041449
2015-12-28 00:00:00,102.11324400000001,106.43373700000001
2016-01-04 00:00:00,101.99779000000001,106.32158600000001
2016-01-11 00:00:00,101.88979,103.412242
2016-01-18 00:00:00,101.804621,102.805314
2016-01-25 00:00:00,101.42351000000001,101.53855
2016-02-01 00:00:00,101.360747,100.83594000000001
2016-02-08 00:00:00,101.50899000000001,101.138346
2016-02-15 00:00:00,101.45071200000001,101.214269
2016-02-22 00:00:00,101.390945,101.126903
2016-02-29 00:00:00,101.423439,101.380401
2016-03-07 00:00:00,101.46343900000001,101.674595
2016-03-14 00:00:00,101.70669799999999,102.52036000000001
2016-03-21 00:00:00,102.579706,103.63978800000001
2016-03-28 00:00:00,103.401436,104.39663200000001
2016-04-04 00:00:00,104.509028,105.315973
2016-04-11 00:00:00,105.39057399999999,105.978684
2016-04-18 00:00:00,106.406719101,106.97005569599999
2016-04-25 00:00:00,107.141178,107.671722
2016-05-02 00:00:00,107.81764700000001,108.57853
2016-05-09 00:00:00,108.190747,109.003659
2016-05-16 00:00:00,108.528187,109.296234
2016-05-23 00:00:00,109.12303700000001,109.90493799999999
2016-05-30 00:00:00,109.78612604199999,110.699954784
2016-06-06 00:00:00,110.402252706,111.42730083200001
2016-06-13 00:00:00,111.030603,111.98989100000001
2016-06-20 00:00:00,111.222492,112.310014
2016-06-27 00:00:00,111.442885,112.558359
2016-07-04 00:00:00,111.649054,112.85857999999999
2016-07-11 00:00:00,111.89483599999998,113.092065
2016-07-18 00:00:00,111.916519,112.998727
2016-07-25 00:00:00,111.690675,112.89357600000001
2016-08-01 00:00:00,111.045335,112.42563
2016-08-08 00:00:00,109.74854300000001,111.404402
2016-08-15 00:00:00,109.276628,111.01857000000001
2016-08-22 00:00:00,109.634563,111.706114
2016-08-29 00:00:00,110.43269699999999,112.54914600000001
2016-09-05 00:00:00,110.970865,113.10110699999998
2016-09-12 00:00:00,111.31260900000001,113.419712
2016-09-19 00:00:00,111.28576131,113.22531877599998
2016-09-26 00:00:00,111.36347385000002,113.37504576799999
2016-10-03 00:00:00,111.649545748,113.70673952
2016-10-10 00:00:00,112.34986100000002,114.403363
2016-10-17 00:00:00,113.721154,115.995878
2016-10-24 00:00:00,115.19915400000001,117.69907500000001
2016-10-31 00:00:00,116.022254,118.41948800000002
2016-11-07 00:00:00,116.558815,119.027192
2016-11-14 00:00:00,116.50150500000001,118.920723
2016-11-21 00:00:00,114.70552900000001,117.42147700000001
2016-11-28 00:00:00,113.72068700000001,116.565416
2016-12-05 00:00:00,113.66443500000003,116.751146
2016-12-12 00:00:00,114.22666000000001,117.51436299999999
2016-12-19 00:00:00,115.000208,118.609262
2016-12-26 00:00:00,115.453509,119.029978
2017-01-02 00:00:00,117.000035,120.03114900000001
2017-01-09 00:00:00,117.97843300000001,121.30311699999999
2017-01-16 00:00:00,118.63427200000001,122.098974
2017-01-23 00:00:00,119.429013,122.745247
2017-01-30 00:00:00,120.01122400000001,123.19443
2017-02-06 00:00:00,120.17708,123.24683099999999
2017-02-13 00:00:00,120.151674,123.170096
2017-02-20 00:00:00,120.19892399999999,123.14599600000001
2017-02-27 00:00:00,120.121737,123.05960499999999
2017-03-06 00:00:00,120.019535,122.895616
2017-03-13 00:00:00,119.802836,122.76747899999998
2017-03-20 00:00:00,118.946847,121.839519
2017-03-27 00:00:00,118.02808513900001,121.07811330400001
2017-04-03 00:00:00,116.92654499999999,119.91559199999999
2017-04-10 00:00:00,117.02166,119.97607199999999
2017-04-17 00:00:00,117.53871200000002,120.36304
2017-04-24 00:00:00,118.14752200000001,120.769471
2017-05-01 00:00:00,118.081905,120.77887400000002
2017-05-08 00:00:00,117.058045,119.340665
2017-05-15 00:00:00,115.60102599999998,117.649216
2017-05-22 00:00:00,115.67225499999999,117.75771
2017-05-29 00:00:00,115.79469332000001,117.88009756000001
2017-06-05 00:00:00,115.820833949,117.947298136
2017-06-12 00:00:00,115.69343849,117.760837096
2017-06-19 00:00:00,115.11818199999999,117.179143
2017-06-26 00:00:00,114.42645200000001,116.256883
2017-07-03 00:00:00,113.74064700000001,115.62853399999999
2017-07-10 00:00:00,113.577129,115.29017899999998
2017-07-17 00:00:00,113.88767,115.58325500000001
2017-07-24 00:00:00,113.993246,115.729385
2017-07-31 00:00:00,114.16122700000001,115.989298
2017-08-07 00:00:00,114.78238599999999,116.64198000000002
2017-08-14 00:00:00,115.525835,117.42689699999998
2017-08-21 00:00:00,116.04348000000002,118.046673
2017-08-28 00:00:00,116.40229699999998,118.241035
2017-09-04 00:00:00,116.951427,118.770002
2017-09-11 00:00:00,118.14317700000001,119.938896
2017-09-18 00:00:00,118.852492,120.59087299999999
2017-09-25 00:00:00,118.86908100000001,120.915867
2017-10-02 00:00:00,118.13314399999999,120.37272200000001
2017-10-09 00:00:00,117.161768,120.51028300000002
2017-10-16 00:00:00,117.00831112,120.41775072
2017-10-23 00:00:00,117.044503789,120.65185460800001
2017-10-30 00:00:00,117.05967799999999,120.631105
2017-11-06 00:00:00,117.574798,121.270748
2017-11-13 00:00:00,118.91045799999999,122.692883
2017-11-20 00:00:00,119.67124500000001,123.316999
2017-11-27 00:00:00,120.12802599999999,123.79218900000001
2017-12-04 00:00:00,119.754926,123.20770900000002
2017-12-11 00:00:00,119.905991,123.693477
2017-12-18 00:00:00,119.97797800000001,123.810791
2017-12-25 00:00:00,120.004005,123.429379
2018-01-01 00:00:00,120.185446,123.51162099999999
2018-01-08 00:00:00,120.52207200000001,123.97098400000002
2018-01-15 00:00:00,120.96234400000002,124.57901999999999
2018-01-22 00:00:00,121.49825800000002,125.067069
2018-01-29 00:00:00,121.69471300000001,125.320814
2018-02-05 00:00:00,121.727217,125.364497
2018-02-12 00:00:00,121.58441200000001,125.01909800000001
2018-02-19 00:00:00,120.516921,124.181954
2018-02-26 00:00:00,119.55083900000001,123.088251
2018-03-05 00:00:00,119.285334,122.91854
2018-03-12 00:00:00,119.11130999999999,122.95577499999999
2018-03-19 00:00:00,119.165947,122.83579800000001
2018-03-26 00:00:00,119.22547800000001,122.89773199999999
2018-04-02 00:00:00,119.42798300000001,123.053109
2018-04-09 00:00:00,119.96192599999999,123.58152700000001
2018-04-16 00:00:00,120.56344551000001,124.28966511200001
2018-04-23 00:00:00,121.44402841800002,125.387530168
2018-04-30 00:00:00,122.218777,126.012658
2018-05-07 00:00:00,123.26680999999999,126.991487
2018-05-14 00:00:00,124.32063099999998,128.28306999999998
2018-05-21 00:00:00,125.9261,130.03868
2018-05-28 00:00:00,127.57543233,131.65999488
2018-06-04 00:00:00,128.429743263,132.34200096
2018-06-11 00:00:00,128.607342,132.620206
2018-06-18 00:00:00,127.924651,131.983036
2018-06-25 00:00:00,127.177041,131.266035
2018-07-02 00:00:00,126.541259,130.833138
2018-07-09 00:00:00,126.97262899999998,131.530137
2018-07-16 00:00:00,127.471738,131.849398
2018-07-23 00:00:00,127.50429199999999,131.900865
2018-07-30 00:00:00,127.537625,131.939202
2018-08-06 00:00:00,128.02388,132.388324
2018-08-13 00:00:00,128.393245,132.56224400000002
2018-08-20 00:00:00,128.789133,132.97248100000002
2018-08-27 00:00:00,129.180537,133.200419
2018-09-03 00:00:00,129.758881,133.66730900000002
2018-09-10 00:00:00,130.241391,134.30754699999997
2018-09-17 00:00:00,130.591181,134.56762
2018-09-24 00:00:00,130.589306,134.76879300000002
2018-10-01 00:00:00,129.97690619,134.85787044
2018-10-08 00:00:00,130.14655041499998,135.532345496
2018-10-15 00:00:00,130.811042644,136.627661112
2018-10-22 00:00:00,130.980519,136.926725
2018-10-29 00:00:00,130.642542,136.993692
2018-11-05 00:00:00,130.106062,137.029427
2018-11-12 00:00:00,128.93599600000002,137.08407
2018-11-19 00:00:00,127.39887600000002,136.384033
2018-11-26 00:00:00,125.770549,135.427627
2018-12-03 00:00:00,124.30094299999999,134.3822212
2018-12-10 00:00:00,122.36820900000001,132.50459
2018-12-17 00:00:00,121.024397,131.259118
2018-12-24 00:00:00,120.613842,130.906953
2018-12-31 00:00:00,120.179132,130.258599
2019-01-07 00:00:00,120.27482300000001,130.32910800000002
2019-01-14 00:00:00,119.526061,129.46869099999998
2019-01-21 00:00:00,119.12088641500002,128.92254433600002
2019-01-28 00:00:00,119.28875509800001,129.09685058399998
2019-02-04 00:00:00,119.12663400000001,129.133077
2019-02-11 00:00:00,118.967565,129.17187099999998
2019-02-18 00:00:00,119.04932299999999,129.232439
2019-02-25 00:00:00,119.221758,129.662673
2019-03-04 00:00:00,119.720921,130.250911
2019-03-11 00:00:00,120.104434783,130.591866424
2019-03-18 00:00:00,120.47507599999999,130.85225
2019-03-25 00:00:00,120.83399000000001,131.152132
2019-04-01 00:00:00,121.70400244599999,131.48396620800003
2019-04-08 00:00:00,122.664817,132.084246
2019-04-15 00:00:00,124.055507,132.96357799999998
2019-04-22 00:00:00,125.429169,133.993045
2019-04-29 00:00:00,126.360643,134.60391199999998
2019-05-06 00:00:00,127.49724900000001,135.40746299999998
2019-05-13 00:00:00,127.97096900000001,135.35876199999998
2019-05-20 00:00:00,128.509333,135.822566
2019-05-27 00:00:00,129.142569,136.446383
2019-06-03 00:00:00,129.407206,136.393553
2019-06-10 00:00:00,128.885668,135.4017
2019-06-17 00:00:00,127.66077299999999,133.758456
2019-06-24 00:00:00,126.66311600000002,131.813941
2019-07-01 00:00:00,126.48721100000002,131.554757
2019-07-08 00:00:00,126.86261400000001,131.68070699999998
2019-07-15 00:00:00,127.127914,131.859849
2019-07-22 00:00:00,127.809271,132.214248
2019-07-29 00:00:00,128.033777,132.596144
2019-08-05 00:00:00,128.370359,132.605733
2019-08-12 00:00:00,128.361242,132.588686
2019-08-19 00:00:00,128.16598299999998,132.595987
2019-08-26 00:00:00,128.221036,132.510855
2019-09-02 00:00:00,127.864315,132.29072
2019-09-09 00:00:00,127.78941630300001,131.886735888
2019-09-16 00:00:00,126.91823550600002,131.34646808
2019-09-23 00:00:00,126.77891231400001,131.523174664
2019-09-30 00:00:00,126.92396400000001,131.83384999999998
2019-10-07 00:00:00,126.86949499999999,131.82080299999998
2019-10-14 00:00:00,126.90649099999999,131.89290799999998
2019-10-21 00:00:00,126.40242,131.27925299999998
2019-10-28 00:00:00,125.76551399999998,130.603532
2019-11-04 00:00:00,125.558701,130.376095
2019-11-11 00:00:00,125.59399900000001,130.42490999999998
2019-11-18 00:00:00,125.582346,130.345595
2019-11-25 00:00:00,125.319798,130.078313
2019-12-02 00:00:00,124.808783,129.793833
2019-12-09 00:00:00,124.748176,129.790185
2019-12-16 00:00:00,124.32997,129.561762
2019-12-23 00:00:00,124.15753999999998,129.81113200000001
2019-12-30 00:00:00,124.962151,130.542046
2020-01-06 00:00:00,126.085869,131.555157
2020-01-13 00:00:00,127.167392,132.688235
2020-01-20 00:00:00,127.177227,132.739754
2020-01-27 00:00:00,127.33458900000001,132.880881
2020-02-03 00:00:00,125.84808699999999,131.475672
2020-02-10 00:00:00,124.72935999999999,129.704447
2020-02-17 00:00:00,123.796075,128.202849
2020-02-24 00:00:00,123.44644915299999,127.67442647200001
2020-03-02 00:00:00,122.431272,126.622464
2020-03-09 00:00:00,122.24398099999999,126.252648
2020-03-16 00:00:00,120.328169,124.363474
2020-03-23 00:00:00,119.64450399999998,123.40948499999999
2020-03-30 00:00:00,112.452709,118.59799800000002
2020-04-06 00:00:00,110.234797,116.833354
2020-04-13 00:00:00,109.265819,116.150812
2020-04-20 00:00:00,108.632747,115.732573
,,
Return to Contents page,,
